<?xml version="1.0" encoding="UTF-8"?>
<metadata xml:lang="ru"><Esri><CreaDate>20230316</CreaDate><CreaTime>20101400</CreaTime><ArcGISFormat>1.0</ArcGISFormat><SyncOnce>TRUE</SyncOnce><DataProperties><lineage><Process ToolSource="c:\program files (x86)\arcgis\desktop10.8\ArcToolbox\Toolboxes\Data Management Tools.tbx\RepairGeometry" Date="20211102" Time="164234">RepairGeometry E:\Малые_города\Usman\usamnDerevoSHP\Usman.shp DELETE_NULL</Process></lineage><itemProps><itemLocation><linkage Sync="TRUE">file://\\LAPTOP-DO9H2HK2\D$\Малые_города\GitHub\Usman\Usman</linkage><protocol Sync="TRUE">Local Area Network</protocol></itemLocation></itemProps><copyHistory><copy source="D:\Малые_города\Usman\usamnDerevoSHP\Usman" dest="\\LAPTOP-DO9H2HK2\D$\Малые_города\GitHub\Usman\Usman" date="20230316" time="20101400"></copy></copyHistory></DataProperties></Esri></metadata>
