<?xml version="1.0" encoding="UTF-8"?>
<metadata xml:lang="ru"><Esri><CreaDate>20230316</CreaDate><CreaTime>20045000</CreaTime><ArcGISFormat>1.0</ArcGISFormat><SyncOnce>TRUE</SyncOnce><DataProperties><itemProps><itemLocation><linkage Sync="TRUE">file://\\LAPTOP-DO9H2HK2\D$\Малые_города\GitHub\Zadonsk\граница</linkage><protocol Sync="TRUE">Local Area Network</protocol></itemLocation></itemProps><copyHistory><copy source="D:\Малые_города\zadonskDerevoSHP\граница" dest="\\LAPTOP-DO9H2HK2\D$\Малые_города\GitHub\Zadonsk\граница" date="20230316" time="20045000"></copy></copyHistory></DataProperties></Esri></metadata>
